time,avg_temperature,max_temperature,avg_humidity,avg_wind_speed,avg_heat_index,heat_risk_score,heat_risk
2025-01-01,10.241666666666667,16.9,89.54166666666667,7.858333333333333,14.71875,22.855416666666663,Low
2025-01-02,11.633333333333333,18.8,86.625,8.133333333333333,15.964583333333332,23.88125,Low
2025-01-03,11.762500000000001,19.8,88.16666666666667,5.895833333333333,16.170833333333334,24.45916666666667,Low
2025-01-04,11.450000000000001,20.0,90.25,4.716666666666667,15.9625,24.6025,Low
2025-01-05,11.391666666666666,18.5,90.5,6.666666666666667,15.916666666666666,24.15,Low
2025-01-06,12.470833333333333,18.6,89.54166666666667,5.983333333333333,16.947916666666668,24.702916666666667,Low
2025-01-07,13.004166666666668,18.4,88.25,12.108333333333334,17.416666666666668,24.795,Low
2025-01-08,12.125,18.9,77.375,10.5375,15.99375,23.00375,Low
2025-01-09,10.833333333333334,18.3,83.66666666666667,2.704166666666666,15.016666666666666,22.866666666666667,Low
2025-01-10,10.308333333333334,17.6,89.04166666666667,4.075,14.760416666666666,23.040416666666665,Low
2025-01-11,11.654166666666667,17.6,87.125,7.95,16.010416666666668,23.598750000000003,Low
2025-01-12,13.345833333333333,18.7,85.70833333333333,4.733333333333333,17.631249999999998,24.75958333333333,Low
2025-01-13,13.237499999999999,20.1,85.375,8.054166666666667,17.50625,25.07125,Low
2025-01-14,12.4625,18.7,86.5,5.079166666666667,16.787499999999998,24.332499999999996,Low
2025-01-15,12.179166666666667,18.6,88.33333333333333,4.441666666666666,16.595833333333335,24.370833333333337,Low
2025-01-16,13.079166666666666,18.0,83.33333333333333,4.829166666666667,17.245833333333334,24.08083333333333,Low
2025-01-17,12.741666666666667,19.7,82.5,8.804166666666667,16.866666666666667,24.279999999999998,Low
2025-01-18,11.641666666666666,18.3,89.20833333333333,5.616666666666667,16.102083333333333,24.07208333333333,Low
2025-01-19,13.375,21.5,86.95833333333333,4.883333333333334,17.722916666666666,25.77958333333333,Low
2025-01-20,15.862499999999999,22.5,84.5,9.641666666666667,20.087500000000002,27.252500000000005,Low
2025-01-21,15.4375,21.8,80.20833333333333,9.5875,19.447916666666668,26.229583333333338,Low
2025-01-22,15.095833333333333,23.0,79.58333333333333,6.125,19.075,26.30333333333333,Low
2025-01-23,15.65,21.9,73.83333333333333,9.129166666666666,19.341666666666665,25.55833333333333,Low
2025-01-24,14.104166666666666,20.8,71.83333333333333,11.204166666666667,17.695833333333333,24.040833333333335,Low
2025-01-25,13.429166666666667,20.3,69.70833333333333,10.566666666666666,16.914583333333333,23.209583333333335,Low
2025-01-26,12.525,19.9,75.29166666666667,8.3375,16.289583333333333,23.272916666666667,Low
2025-01-27,12.229166666666666,19.7,78.5,7.958333333333333,16.154166666666665,23.4525,Low
2025-01-28,12.808333333333332,20.2,77.20833333333333,5.279166666666667,16.66875,23.782083333333333,Low
2025-01-29,13.270833333333334,21.2,82.20833333333333,7.8500000000000005,17.381249999999998,25.00958333333333,Low
2025-01-30,14.841666666666667,22.3,82.75,5.8999999999999995,18.979166666666668,26.3525,Low
2025-01-31,15.416666666666666,23.8,83.04166666666667,4.854166666666667,19.568749999999998,27.185416666666665,Low
2025-02-01,16.233333333333334,23.5,76.33333333333333,6.004166666666666,20.05,26.71333333333333,Low
2025-02-02,15.895833333333334,22.4,80.5,8.487499999999999,19.920833333333334,26.7225,Low
2025-02-03,14.341666666666667,21.2,76.75,6.520833333333333,18.179166666666667,24.9425,Low
2025-02-04,16.058333333333334,21.6,80.16666666666667,4.166666666666667,20.066666666666666,26.53666666666667,Low
2025-02-05,14.8375,20.3,77.375,9.458333333333334,18.70625,25.05125,Low
2025-02-06,14.225,20.1,63.333333333333336,13.816666666666668,17.391666666666666,22.798333333333332,Low
2025-02-07,13.9375,19.7,62.166666666666664,15.029166666666667,17.045833333333334,22.354166666666664,Low
2025-02-08,14.820833333333333,21.6,66.16666666666667,11.895833333333334,18.129166666666666,23.97416666666667,Low
2025-02-09,14.941666666666668,22.9,75.41666666666667,7.004166666666666,18.712500000000002,25.639166666666668,Low
2025-02-10,15.554166666666667,24.3,79.75,6.241666666666667,19.541666666666668,26.990000000000002,Low
2025-02-11,16.645833333333332,25.1,79.41666666666667,6.033333333333334,20.616666666666667,27.841666666666665,Low
2025-02-12,16.629166666666666,23.5,66.125,12.112499999999999,19.935416666666665,25.623749999999998,Low
2025-02-13,16.470833333333335,22.1,58.208333333333336,16.245833333333334,19.381249999999998,24.079583333333332,Low
2025-02-14,16.254166666666666,22.2,56.833333333333336,13.1,19.095833333333335,23.800833333333333,Low
2025-02-15,16.629166666666666,23.4,61.458333333333336,7.183333333333334,19.702083333333334,24.987083333333338,Low
2025-02-16,16.912499999999998,24.6,70.25,4.95,20.425,26.660000000000004,Low
2025-02-17,17.491666666666667,25.3,72.91666666666667,4.879166666666666,21.1375,27.56416666666667,Low
2025-02-18,18.1375,24.7,71.45833333333333,7.3875,21.71041666666667,27.582083333333333,Low
2025-02-19,17.641666666666666,25.4,64.41666666666667,6.533333333333334,20.8625,26.579166666666666,Low
2025-02-20,17.941666666666666,22.8,76.625,14.25,21.772916666666664,27.566249999999997,Low
2025-02-21,17.604166666666668,23.7,79.875,7.254166666666666,21.597916666666666,28.056250000000002,Medium
2025-02-22,16.658333333333335,22.0,77.33333333333333,10.308333333333334,20.525000000000002,26.648333333333333,Low
2025-02-23,16.675,23.4,76.33333333333333,7.375,20.491666666666667,26.94833333333333,Low
2025-02-24,16.579166666666666,24.3,75.45833333333333,6.466666666666666,20.352083333333333,27.047083333333333,Low
2025-02-25,17.570833333333333,25.1,72.45833333333333,5.616666666666667,21.19375,27.492083333333333,Low
2025-02-26,20.220833333333335,27.3,70.45833333333333,4.058333333333334,23.743750000000002,29.482083333333335,Medium
2025-02-27,18.804166666666667,21.5,81.75,9.708333333333334,22.891666666666666,28.36,Medium
2025-02-28,18.55,21.9,79.58333333333333,11.895833333333334,22.52916666666667,28.04583333333333,Medium
2025-03-01,18.575,23.6,84.20833333333333,7.754166666666666,22.785416666666666,29.172083333333333,Medium
2025-03-02,17.695833333333333,23.9,73.54166666666667,9.395833333333334,21.37291666666667,27.347916666666666,Low
2025-03-03,18.204166666666666,26.0,66.16666666666667,5.991666666666666,21.5125,27.324166666666667,Low
2025-03-04,18.816666666666666,23.9,66.04166666666667,12.4375,22.118750000000002,27.045416666666668,Low
2025-03-05,16.708333333333332,21.2,51.666666666666664,22.179166666666664,19.291666666666668,23.10166666666667,Low
2025-03-06,17.349999999999998,24.2,54.5,13.245833333333332,20.075,24.755,Low
2025-03-07,17.108333333333334,25.7,64.29166666666667,6.654166666666666,20.322916666666668,26.332916666666666,Low
2025-03-08,18.933333333333334,27.1,60.541666666666664,8.5875,21.960416666666664,27.360416666666666,Low
2025-03-09,20.5625,29.2,66.5,5.833333333333333,23.8875,29.7425,Medium
2025-03-10,21.579166666666666,29.2,65.45833333333333,8.25,24.852083333333336,30.217083333333335,Medium
2025-03-11,21.962500000000002,30.4,71.375,4.541666666666667,25.53125,31.576249999999998,Medium
2025-03-12,22.90416666666667,30.1,68.20833333333333,10.275,26.31458333333333,31.63958333333333,Medium
2025-03-13,21.8125,29.9,68.08333333333333,5.925,25.21666666666667,30.908333333333335,Medium
2025-03-14,22.816666666666666,31.5,64.20833333333333,5.9125000000000005,26.027083333333334,31.48708333333333,Medium
2025-03-15,22.3875,29.5,63.291666666666664,11.329166666666666,25.552083333333332,30.510416666666664,Medium
2025-03-16,21.029166666666665,27.8,64.25,7.6875,24.241666666666664,29.31,Medium
2025-03-17,20.337500000000002,26.3,58.708333333333336,10.016666666666667,23.272916666666664,27.72458333333333,Low
2025-03-18,20.591666666666665,27.4,60.541666666666664,10.179166666666665,23.618750000000002,28.445416666666667,Medium
2025-03-19,21.34583333333333,28.8,58.0,8.491666666666667,24.245833333333334,28.9875,Medium
2025-03-20,21.604166666666668,29.6,53.583333333333336,7.604166666666667,24.28333333333333,28.808333333333334,Medium
2025-03-21,22.191666666666666,29.9,46.75,11.112499999999999,24.52916666666667,28.3625,Medium
2025-03-22,21.545833333333334,29.3,48.958333333333336,8.758333333333333,23.993750000000002,28.082083333333337,Medium
2025-03-23,22.150000000000002,31.3,51.708333333333336,5.204166666666667,24.735416666666666,29.402083333333334,Medium
2025-03-24,22.858333333333334,32.2,50.916666666666664,4.841666666666667,25.40416666666667,29.994166666666665,Medium
2025-03-25,24.145833333333332,33.5,52.291666666666664,5.595833333333334,26.760416666666668,31.335416666666664,Medium
2025-03-26,26.366666666666664,36.2,44.666666666666664,6.254166666666666,28.599999999999998,32.486666666666665,Medium
2025-03-27,26.691666666666666,35.2,43.0,7.254166666666666,28.84166666666667,32.165,Medium
2025-03-28,24.704166666666666,31.1,30.166666666666668,14.6875,26.212500000000002,28.074166666666667,Medium
2025-03-29,22.054166666666664,29.0,24.166666666666668,16.129166666666666,23.2625,25.074166666666667,Low
2025-03-30,23.383333333333336,31.3,25.208333333333332,13.029166666666667,24.64375,26.69708333333333,Low
2025-03-31,24.308333333333334,33.5,25.5,11.079166666666666,25.583333333333332,27.95,Low
2025-04-01,24.983333333333334,33.2,23.125,11.4375,26.139583333333334,27.95625,Low
2025-04-02,25.400000000000002,34.8,24.625,7.220833333333334,26.631249999999998,28.881249999999994,Medium
2025-04-03,26.46666666666667,36.3,25.75,6.479166666666667,27.754166666666666,30.117499999999996,Medium
2025-04-04,27.604166666666668,36.5,22.875,8.216666666666667,28.74791666666667,30.486250000000002,Medium
2025-04-05,27.3125,35.4,24.791666666666668,10.737499999999999,28.552083333333332,30.230416666666667,Medium
2025-04-06,28.40416666666667,37.6,24.458333333333332,7.941666666666666,29.62708333333333,31.50208333333333,Medium
2025-04-07,29.349999999999998,38.4,31.75,5.408333333333334,30.9375,33.2575,Medium
2025-04-08,30.5625,39.2,26.708333333333332,8.2125,31.89791666666667,33.569583333333334,Medium
2025-04-09,30.925,39.7,31.208333333333332,8.391666666666667,32.485416666666666,34.52208333333333,Medium
2025-04-10,29.195833333333336,36.9,39.875,8.525,31.18958333333333,33.771249999999995,Medium
2025-04-11,26.162499999999998,35.5,62.5,13.174999999999999,29.287499999999998,34.4725,Medium
2025-04-12,25.316666666666666,32.5,58.416666666666664,6.7250000000000005,28.2375,32.534166666666664,Medium
2025-04-13,26.625,34.0,48.583333333333336,4.016666666666667,29.054166666666664,32.49083333333333,Medium
2025-04-14,27.162499999999998,34.1,49.083333333333336,7.133333333333333,29.61666666666667,32.90833333333334,Medium
2025-04-15,28.47083333333333,34.9,45.291666666666664,7.2124999999999995,30.735416666666666,33.440416666666664,Medium
2025-04-16,29.204166666666666,35.8,44.791666666666664,7.641666666666667,31.443749999999998,34.08541666666666,Medium
2025-04-17,29.675,38.6,46.958333333333336,8.1625,32.02291666666667,35.489583333333336,Medium
2025-04-18,29.5625,37.2,54.625,9.441666666666666,32.293749999999996,35.998749999999994,Medium
2025-04-19,29.645833333333332,35.9,53.75,14.945833333333333,32.333333333333336,35.545,Medium
2025-04-20,29.666666666666668,34.7,51.708333333333336,11.733333333333334,32.25208333333334,34.93208333333334,Medium
2025-04-21,29.962500000000002,39.4,39.75,5.4375,31.95,34.964999999999996,Medium
2025-04-22,29.15416666666667,37.6,19.791666666666668,9.945833333333333,30.14375,31.34541666666667,Medium
2025-04-23,29.258333333333336,37.5,19.791666666666668,11.1625,30.24791666666667,31.377916666666668,Medium
2025-04-24,29.40833333333333,38.7,22.333333333333332,8.229166666666666,30.525000000000002,32.15833333333334,Medium
2025-04-25,30.02916666666667,39.1,24.708333333333332,6.595833333333334,31.264583333333334,32.959583333333335,Medium
2025-04-26,30.6125,39.6,22.583333333333332,6.2875000000000005,31.741666666666664,33.18333333333333,Medium
2025-04-27,31.204166666666666,39.2,21.875,6.8125,32.297916666666666,33.32625,Medium
2025-04-28,29.72083333333333,38.7,30.0,11.658333333333333,31.22083333333333,33.3425,Medium
2025-04-29,29.162499999999998,35.9,42.625,12.058333333333332,31.29375,33.808749999999996,Medium
2025-04-30,29.7,35.5,42.625,10.308333333333334,31.83125,34.011250000000004,Medium
2025-05-01,29.995833333333334,35.7,43.625,12.595833333333333,32.177083333333336,34.378750000000004,Medium
2025-05-02,25.675,30.2,66.58333333333333,8.566666666666666,29.004166666666666,33.12083333333333,Medium
2025-05-03,27.008333333333336,33.0,60.916666666666664,5.6499999999999995,30.054166666666664,34.024166666666666,Medium
2025-05-04,27.77916666666667,34.1,59.833333333333336,6.879166666666666,30.770833333333332,34.67583333333333,Medium
2025-05-05,26.883333333333336,32.1,64.54166666666667,9.754166666666666,30.110416666666666,34.150416666666665,Medium
2025-05-06,26.625,32.7,66.25,8.033333333333333,29.9375,34.3975,Medium
2025-05-07,27.075,31.9,65.91666666666667,8.095833333333333,30.370833333333334,34.384166666666665,Medium
2025-05-08,27.020833333333332,32.3,67.33333333333333,7.179166666666667,30.3875,34.655833333333334,Medium
2025-05-09,28.804166666666664,35.4,58.208333333333336,7.083333333333333,31.714583333333334,35.46958333333333,Medium
2025-05-10,28.695833333333336,34.2,61.375,4.1125,31.764583333333334,35.456250000000004,Medium
2025-05-11,30.2625,36.5,52.5,7.366666666666667,32.887499999999996,35.9325,Medium
2025-05-12,30.162499999999998,37.3,45.333333333333336,7.8374999999999995,32.42916666666667,35.18083333333333,Medium
2025-05-13,30.983333333333334,38.9,41.0,8.716666666666667,33.03333333333333,35.589999999999996,Medium
2025-05-14,31.125,38.8,36.083333333333336,7.695833333333333,32.92916666666667,35.005833333333335,Medium
2025-05-15,31.429166666666664,39.1,37.208333333333336,7.320833333333333,33.28958333333333,35.42458333333333,Medium
2025-05-16,31.09583333333333,38.5,41.75,7.920833333333333,33.18333333333333,35.63499999999999,Medium
2025-05-17,31.025000000000002,39.0,49.083333333333336,7.245833333333334,33.479166666666664,36.69583333333333,High
2025-05-18,30.4875,36.4,53.791666666666664,8.166666666666666,33.177083333333336,36.205416666666665,High
2025-05-19,30.7375,36.1,63.333333333333336,9.133333333333333,33.90416666666667,37.505833333333335,High
2025-05-20,30.84166666666667,36.4,65.58333333333333,9.7,34.12083333333333,37.950833333333335,High
2025-05-21,31.104166666666668,36.8,62.25,11.375,34.21666666666667,37.795,High
2025-05-22,29.3625,34.2,64.875,13.387500000000001,32.606249999999996,36.31125,High
2025-05-23,30.125,35.1,62.5,12.679166666666667,33.25,36.73,High
2025-05-24,31.129166666666666,35.2,58.708333333333336,14.754166666666668,34.06458333333333,36.86958333333334,High
2025-05-25,27.979166666666668,32.8,67.79166666666667,12.108333333333334,31.368750000000002,35.440416666666664,Medium
2025-05-26,29.316666666666666,35.3,68.41666666666667,6.175,32.737500000000004,37.07416666666667,High
2025-05-27,30.066666666666666,34.7,67.625,7.0249999999999995,33.447916666666664,37.24125,High
2025-05-28,30.629166666666666,35.7,67.125,6.866666666666667,33.985416666666666,37.81375,High
2025-05-29,31.104166666666668,37.6,64.5,5.470833333333334,34.329166666666666,38.3275,High
2025-05-30,29.53333333333333,33.1,63.416666666666664,5.8,32.704166666666666,35.89416666666666,Medium
2025-05-31,29.558333333333334,36.4,58.291666666666664,4.333333333333333,32.47291666666667,36.23291666666667,High
2025-06-01,28.90416666666667,33.6,57.583333333333336,9.616666666666667,31.783333333333335,34.90833333333333,Medium
2025-06-02,28.929166666666664,35.0,60.458333333333336,5.383333333333333,31.952083333333334,35.717083333333335,Medium
2025-06-03,27.71666666666667,32.6,58.958333333333336,5.916666666666667,30.664583333333336,34.07458333333334,Medium
2025-06-04,26.541666666666668,31.7,70.08333333333333,6.020833333333333,30.045833333333334,34.545833333333334,Medium
2025-06-05,27.662499999999998,32.9,62.166666666666664,4.020833333333333,30.770833333333332,34.549166666666665,Medium
2025-06-06,29.0125,34.9,59.0,5.020833333333333,31.962500000000002,35.5475,Medium
2025-06-07,30.170833333333334,36.5,60.708333333333336,6.316666666666666,33.206250000000004,36.944583333333334,High
2025-06-08,31.491666666666664,37.1,62.083333333333336,5.904166666666666,34.59583333333333,38.09583333333333,High
2025-06-09,32.3125,38.2,55.833333333333336,6.8875,35.104166666666664,38.10583333333333,High
2025-06-10,31.808333333333334,38.1,52.75,7.833333333333333,34.44583333333333,37.372499999999995,High
2025-06-11,32.13333333333333,37.8,63.416666666666664,5.3625,35.30416666666667,38.86416666666667,High
2025-06-12,32.62083333333333,37.1,66.91666666666667,10.566666666666666,35.96666666666667,39.40166666666667,High
2025-06-13,32.27916666666667,35.9,66.66666666666667,11.658333333333333,35.612500000000004,38.804166666666674,High
2025-06-14,32.42916666666667,37.6,66.04166666666667,7.583333333333333,35.731249999999996,39.32291666666666,High
2025-06-15,31.016666666666666,35.6,69.79166666666667,9.766666666666667,34.50625,38.36291666666666,High
2025-06-16,29.162499999999998,32.8,81.33333333333333,7.8,33.229166666666664,37.91083333333333,High
2025-06-17,29.34583333333333,34.0,80.91666666666667,6.470833333333334,33.391666666666666,38.32666666666667,High
2025-06-18,29.316666666666666,33.8,76.33333333333333,4.954166666666667,33.13333333333333,37.65333333333333,High
2025-06-19,29.875,32.9,75.75,7.3125,33.6625,37.642500000000005,High
2025-06-20,28.78333333333333,31.0,84.08333333333333,9.3125,32.987500000000004,37.50083333333333,High
2025-06-21,30.070833333333336,34.3,78.83333333333333,6.566666666666666,34.012499999999996,38.58083333333333,High
2025-06-22,30.337500000000002,33.2,78.33333333333333,5.495833333333334,34.25416666666667,38.34583333333334,High
2025-06-23,30.3,33.9,79.125,6.304166666666667,34.25625,38.636250000000004,High
2025-06-24,30.46666666666667,34.4,78.33333333333333,6.258333333333333,34.38333333333333,38.78333333333333,High
2025-06-25,28.849999999999998,32.3,84.75,10.629166666666666,33.0875,38.0175,High
2025-06-26,30.675,34.2,76.33333333333333,9.875,34.49166666666667,38.58833333333333,High
2025-06-27,30.59583333333333,33.4,75.375,8.833333333333334,34.364583333333336,38.17625,High
2025-06-28,30.325,34.5,78.20833333333333,5.9750000000000005,34.235416666666666,38.71208333333333,High
2025-06-29,28.45,31.4,87.375,7.395833333333333,32.81875,37.848749999999995,High
2025-06-30,27.429166666666664,31.3,87.625,5.866666666666667,31.81041666666667,37.23875,High
2025-07-01,28.575,32.6,82.79166666666667,6.675,32.71458333333333,37.687916666666666,High
2025-07-02,29.6875,33.1,81.66666666666667,7.366666666666667,33.770833333333336,38.35916666666667,High
2025-07-03,29.804166666666664,33.0,80.20833333333333,8.8125,33.81458333333333,38.209583333333335,High
2025-07-04,29.65833333333333,32.9,82.33333333333333,6.579166666666667,33.775,38.36833333333333,High
2025-07-05,29.9875,33.7,80.45833333333333,5.533333333333334,34.010416666666664,38.562083333333334,High
2025-07-06,30.041666666666668,34.2,80.95833333333333,5.058333333333334,34.08958333333333,38.80958333333333,High
2025-07-07,29.058333333333334,33.5,82.45833333333333,4.245833333333333,33.18125,38.20458333333333,High
2025-07-08,30.25,34.1,79.75,5.425,34.237500000000004,38.7475,High
2025-07-09,28.775000000000002,31.9,84.5,5.016666666666667,33.0,37.82,High
2025-07-10,27.358333333333334,29.3,85.0,4.779166666666667,31.608333333333334,36.254999999999995,High
2025-07-11,28.008333333333336,31.1,85.125,3.1,32.264583333333334,37.20125,High
2025-07-12,28.787499999999998,33.4,83.66666666666667,3.025,32.97083333333333,38.16916666666667,High
2025-07-13,28.583333333333332,32.6,86.54166666666667,6.329166666666667,32.91041666666667,38.180416666666666,High
2025-07-14,28.366666666666664,30.8,84.875,15.116666666666667,32.610416666666666,37.29375,High
2025-07-15,28.504166666666666,31.8,81.70833333333333,15.933333333333332,32.58958333333333,37.26458333333333,High
2025-07-16,28.458333333333332,31.9,85.33333333333333,9.116666666666667,32.725,37.73833333333333,High
2025-07-17,28.15833333333333,30.9,84.20833333333333,8.554166666666667,32.36875,37.11208333333333,High
2025-07-18,28.520833333333332,31.8,81.625,14.4625,32.60208333333333,37.263749999999995,High
2025-07-19,28.954166666666666,32.5,79.0,11.85,32.90416666666667,37.3925,High
2025-07-20,29.837500000000002,34.0,75.70833333333333,6.341666666666666,33.62291666666667,37.944583333333334,High
2025-07-21,28.145833333333332,29.7,85.0,4.533333333333333,32.395833333333336,36.8475,High
2025-07-22,29.025000000000002,33.0,83.5,3.1625,33.199999999999996,38.17,High
2025-07-23,29.041666666666668,32.3,83.75,5.833333333333333,33.229166666666664,38.0025,High
2025-07-24,29.933333333333334,34.0,79.0,7.504166666666666,33.88333333333333,38.43,High
2025-07-25,30.704166666666666,34.3,76.08333333333333,8.008333333333333,34.50833333333333,38.60333333333333,High
2025-07-26,30.170833333333334,34.2,79.625,4.729166666666667,34.15208333333333,38.71375,High
2025-07-27,30.462500000000002,33.7,78.45833333333333,6.408333333333334,34.385416666666664,38.58708333333333,High
2025-07-28,30.291666666666668,33.7,78.91666666666667,5.441666666666666,34.237500000000004,38.54416666666667,High
2025-07-29,28.425,30.8,87.54166666666667,7.083333333333333,32.802083333333336,37.67541666666667,High
2025-07-30,28.087500000000002,31.5,87.33333333333333,10.2875,32.454166666666666,37.655833333333334,High
2025-07-31,27.458333333333332,30.8,91.45833333333333,7.404166666666666,32.03125,37.60458333333334,High
2025-08-01,27.78333333333333,31.6,89.08333333333333,4.7749999999999995,32.237500000000004,37.73083333333334,High
2025-08-02,29.25,32.9,79.66666666666667,7.316666666666666,33.233333333333334,37.77666666666667,High
2025-08-03,29.179166666666664,32.8,82.125,7.683333333333334,33.28541666666667,38.02375,High
2025-08-04,28.104166666666668,31.0,83.91666666666667,7.945833333333334,32.300000000000004,37.071666666666665,High
2025-08-05,27.629166666666666,29.0,85.95833333333333,7.658333333333334,31.927083333333332,36.452083333333334,High
2025-08-06,28.28333333333333,32.3,83.16666666666667,5.691666666666666,32.44166666666667,37.47166666666667,High
2025-08-07,29.620833333333334,33.7,75.41666666666667,9.483333333333333,33.391666666666666,37.68666666666667,High
2025-08-08,29.679166666666664,32.7,74.5,8.9375,33.40416666666667,37.3025,High
2025-08-09,27.425,30.0,88.125,4.708333333333333,31.83125,36.911249999999995,High
2025-08-10,28.504166666666666,32.3,85.41666666666667,3.704166666666667,32.775,37.89666666666666,High
2025-08-11,29.34166666666667,32.8,82.54166666666667,6.4624999999999995,33.46875,38.17541666666667,High
2025-08-12,29.02916666666667,32.6,82.375,5.745833333333334,33.14791666666667,37.90625,High
2025-08-13,30.0,33.5,78.54166666666667,6.1875,33.927083333333336,38.26041666666667,High
2025-08-14,27.337500000000002,28.6,90.66666666666667,6.7625,31.870833333333334,36.76916666666667,High
2025-08-15,27.97083333333333,31.4,88.29166666666667,4.383333333333334,32.385416666666664,37.680416666666666,High
2025-08-16,28.21666666666667,30.8,89.08333333333333,5.2749999999999995,32.670833333333334,37.75083333333333,High
2025-08-17,28.462500000000002,32.0,88.0,7.258333333333333,32.862500000000004,38.11750000000001,High
2025-08-18,28.695833333333336,31.1,84.875,10.133333333333333,32.93958333333334,37.58125,High
2025-08-19,29.191666666666666,31.9,82.83333333333333,7.908333333333334,33.333333333333336,37.85333333333333,High
2025-08-20,28.929166666666664,31.8,83.70833333333333,9.670833333333333,33.114583333333336,37.779583333333335,High
2025-08-21,29.15416666666667,32.5,82.29166666666667,7.633333333333333,33.268750000000004,37.94041666666667,High
2025-08-22,28.825,32.0,84.79166666666667,4.941666666666666,33.06458333333333,37.91791666666667,High
2025-08-23,27.71666666666667,31.2,89.29166666666667,6.304166666666667,32.18125,37.59791666666666,High
2025-08-24,27.479166666666668,31.1,88.25,8.941666666666666,31.891666666666666,37.29,High
2025-08-25,27.120833333333334,30.7,87.20833333333333,14.745833333333332,31.481250000000003,36.819583333333334,High
2025-08-26,27.066666666666666,30.0,89.875,13.8125,31.56041666666667,36.92375,High
2025-08-27,28.420833333333334,32.3,87.58333333333333,6.308333333333334,32.800000000000004,38.12833333333334,High
2025-08-28,28.6125,32.1,86.79166666666667,6.620833333333334,32.952083333333334,38.080416666666665,High
2025-08-29,27.52916666666667,30.4,89.83333333333333,9.154166666666667,32.020833333333336,37.31583333333334,High
2025-08-30,28.525000000000002,32.0,81.66666666666667,9.833333333333334,32.608333333333334,37.33166666666666,High
2025-08-31,26.604166666666668,29.9,91.45833333333333,9.841666666666667,31.177083333333332,36.82208333333333,High
2025-09-01,25.275000000000002,27.4,93.33333333333333,14.770833333333334,29.941666666666666,35.51833333333333,Medium
2025-09-02,25.208333333333332,26.9,91.875,16.979166666666668,29.802083333333332,35.138749999999995,Medium
2025-09-03,26.083333333333332,28.6,90.70833333333333,8.741666666666667,30.618750000000002,36.022083333333335,Medium
2025-09-04,26.97083333333333,31.3,87.875,7.229166666666667,31.364583333333332,36.996249999999996,High
2025-09-05,27.704166666666666,31.2,85.79166666666667,11.204166666666666,31.993750000000002,37.135416666666664,High
2025-09-06,27.933333333333334,31.8,85.95833333333333,10.833333333333334,32.231249999999996,37.47458333333333,High
2025-09-07,27.837500000000002,32.2,87.25,8.433333333333334,32.199999999999996,37.705,High
2025-09-08,27.6875,32.0,87.375,4.270833333333333,32.05625,37.57124999999999,High
2025-09-09,28.71666666666667,32.0,81.125,8.987499999999999,32.77291666666667,37.37625,High
2025-09-10,28.991666666666664,32.1,75.58333333333333,14.304166666666667,32.770833333333336,36.85083333333334,High
2025-09-11,28.120833333333334,31.8,75.5,12.275,31.895833333333332,36.2275,High
2025-09-12,27.77916666666667,31.6,78.95833333333333,8.429166666666667,31.727083333333336,36.412083333333335,High
2025-09-13,28.5125,32.2,77.54166666666667,5.6625000000000005,32.389583333333334,36.84791666666667,High
2025-09-14,28.541666666666668,32.3,79.33333333333333,5.8999999999999995,32.50833333333333,37.12833333333333,High
2025-09-15,29.22083333333333,33.0,74.29166666666667,7.7375,32.93541666666667,37.09041666666667,High
2025-09-16,28.395833333333332,32.4,78.54166666666667,6.283333333333334,32.322916666666664,36.96791666666667,High
2025-09-17,27.795833333333334,31.9,83.625,5.408333333333334,31.977083333333336,37.118750000000006,High
2025-09-18,27.170833333333334,31.7,86.83333333333333,5.0625,31.512500000000003,37.10083333333334,High
2025-09-19,27.90833333333333,31.8,81.83333333333333,5.720833333333334,32.0,36.92333333333333,High
2025-09-20,28.383333333333336,32.8,73.79166666666667,9.470833333333333,32.072916666666664,36.462916666666665,High
2025-09-21,28.1875,32.8,72.75,9.491666666666667,31.825,36.209999999999994,High
2025-09-22,28.879166666666666,33.6,68.25,9.908333333333333,32.291666666666664,36.28,High
2025-09-23,28.708333333333332,33.5,65.04166666666667,11.112499999999999,31.96041666666667,35.73041666666667,Medium
2025-09-24,28.125,33.1,67.33333333333333,10.520833333333334,31.491666666666664,35.55833333333333,Medium
2025-09-25,27.9875,33.1,70.54166666666667,9.458333333333334,31.514583333333334,35.892916666666665,Medium
2025-09-26,28.383333333333336,33.6,69.875,9.729166666666666,31.87708333333333,36.193749999999994,High
2025-09-27,29.058333333333334,34.3,74.41666666666667,4.554166666666666,32.77916666666667,37.399166666666666,High
2025-09-28,29.891666666666666,34.1,73.79166666666667,7.916666666666667,33.581250000000004,37.757916666666674,High
2025-09-29,29.520833333333332,33.5,74.375,5.6625000000000005,33.239583333333336,37.43125,High
2025-09-30,28.8,32.8,75.375,3.4916666666666667,32.56875,36.91875,High
2025-10-01,27.3625,31.3,82.625,4.541666666666667,31.493750000000002,36.548750000000005,High
2025-10-02,27.079166666666666,30.7,81.83333333333333,5.8875,31.170833333333334,36.09583333333333,Medium
2025-10-03,27.291666666666668,31.3,80.04166666666667,4.854166666666667,31.29375,36.17041666666667,Medium
2025-10-04,27.8125,32.0,73.54166666666667,8.041666666666666,31.489583333333332,35.84791666666666,Medium
2025-10-05,27.366666666666664,31.9,69.125,7.6875,30.822916666666668,34.97625,Medium
2025-10-06,23.066666666666666,28.2,89.70833333333333,7.45,27.552083333333332,33.96208333333333,Medium
2025-10-07,23.125,28.3,87.20833333333333,6.5,27.485416666666666,33.70208333333333,Medium
2025-10-08,21.9375,26.6,87.83333333333333,5.491666666666667,26.329166666666666,32.560833333333335,Medium
2025-10-09,23.454166666666666,28.4,76.70833333333333,8.183333333333334,27.289583333333336,32.56458333333333,Medium
2025-10-10,23.054166666666664,28.4,71.125,6.6125,26.610416666666666,31.59875,Medium
2025-10-11,23.304166666666664,28.7,72.54166666666667,6.5625,26.931250000000002,32.02291666666667,Medium
2025-10-12,23.879166666666666,29.8,71.375,7.729166666666667,27.447916666666668,32.54625,Medium
2025-10-13,23.900000000000002,29.9,67.83333333333333,4.866666666666666,27.291666666666668,32.12833333333333,Medium
2025-10-14,23.808333333333334,29.8,68.04166666666667,4.6875,27.210416666666664,32.07041666666667,Medium
2025-10-15,23.28333333333333,29.9,65.75,3.775,26.570833333333336,31.4875,Medium
2025-10-16,23.254166666666666,29.8,66.45833333333333,5.083333333333333,26.577083333333334,31.53208333333333,Medium
2025-10-17,23.633333333333336,30.3,69.33333333333333,5.3625,27.099999999999998,32.28333333333333,Medium
2025-10-18,24.3125,30.7,70.29166666666667,3.858333333333333,27.827083333333334,32.93541666666667,Medium
2025-10-19,24.241666666666664,30.9,69.45833333333333,3.5708333333333333,27.714583333333334,32.84458333333333,Medium
2025-10-20,24.145833333333332,30.7,68.95833333333333,3.404166666666667,27.59375,32.662083333333335,Medium
2025-10-21,24.3125,29.7,71.83333333333333,5.533333333333334,27.90416666666667,32.83583333333333,Medium
2025-10-22,24.295833333333334,30.6,71.95833333333333,6.329166666666667,27.89375,33.11208333333333,Medium
2025-10-23,23.125,30.4,62.375,7.0,26.243750000000002,31.10375,Medium
2025-10-24,22.741666666666664,29.9,63.333333333333336,2.9499999999999997,25.90833333333333,30.84833333333333,Medium
2025-10-25,22.508333333333336,29.3,62.833333333333336,2.8000000000000003,25.650000000000002,30.463333333333335,Medium
2025-10-26,21.929166666666664,29.1,63.625,3.345833333333333,25.110416666666666,30.15875,Medium
2025-10-27,22.0,28.5,70.375,6.404166666666666,25.51875,30.89875,Medium
2025-10-28,22.0,26.3,80.5,4.008333333333334,26.025000000000002,31.555,Medium
2025-10-29,22.766666666666666,27.9,80.25,4.883333333333334,26.77916666666667,32.4625,Medium
2025-10-30,22.925,26.8,86.83333333333333,4.170833333333333,27.266666666666666,33.08333333333333,Medium
2025-10-31,24.041666666666668,28.5,82.20833333333333,5.708333333333333,28.152083333333334,33.66208333333333,Medium
2025-11-01,23.537499999999998,29.4,66.95833333333333,8.408333333333333,26.885416666666668,31.647083333333335,Medium
2025-11-02,22.854166666666668,28.7,62.083333333333336,10.35,25.958333333333332,30.39333333333333,Medium
2025-11-03,22.34166666666667,29.4,58.125,9.4625,25.24791666666667,29.78125,Medium
2025-11-04,21.895833333333332,28.1,68.875,6.575,25.339583333333334,30.52125,Medium
2025-11-05,22.325,28.3,72.875,6.9624999999999995,25.96875,31.35875,Medium
2025-11-06,19.4375,25.4,55.791666666666664,11.279166666666667,22.227083333333336,26.535416666666666,Low
2025-11-07,18.916666666666668,26.2,56.416666666666664,10.033333333333333,21.7375,26.544166666666666,Low
2025-11-08,17.8,25.0,56.583333333333336,8.316666666666666,20.629166666666666,25.535833333333333,Low
2025-11-09,17.775000000000002,25.3,59.916666666666664,8.75,20.770833333333332,26.044166666666666,Low
2025-11-10,17.3,25.3,60.541666666666664,7.316666666666666,20.327083333333334,25.84041666666667,Low
2025-11-11,17.508333333333333,25.7,61.166666666666664,8.804166666666667,20.566666666666666,26.166666666666664,Low
2025-11-12,17.599999999999998,25.6,60.833333333333336,9.5375,20.64166666666667,26.148333333333333,Low
2025-11-13,16.854166666666668,24.9,63.625,8.295833333333333,20.035416666666666,25.85375,Low
2025-11-14,16.558333333333334,24.6,64.375,7.333333333333333,19.777083333333334,25.68375,Low
2025-11-15,16.474999999999998,24.9,66.91666666666667,6.558333333333334,19.820833333333333,26.054166666666664,Low
2025-11-16,16.1375,24.8,68.0,8.137500000000001,19.537499999999998,25.9625,Low
2025-11-17,15.979166666666666,24.1,68.83333333333333,4.604166666666667,19.420833333333334,25.765833333333333,Low
2025-11-18,16.4375,24.2,77.125,3.545833333333333,20.29375,27.14875,Low
2025-11-19,16.920833333333334,24.7,80.33333333333333,3.266666666666667,20.9375,28.005833333333335,Low
2025-11-20,17.683333333333334,25.1,78.95833333333333,2.279166666666667,21.631249999999998,28.40458333333333,Medium
2025-11-21,17.48333333333333,24.9,78.25,3.6333333333333333,21.395833333333332,28.132499999999997,Medium
2025-11-22,17.491666666666667,25.0,72.125,3.9166666666666665,21.097916666666666,27.371249999999996,Low
2025-11-23,16.349999999999998,24.5,74.625,4.1125,20.08125,26.86125,Low
2025-11-24,15.470833333333333,23.5,74.83333333333333,4.870833333333334,19.212500000000002,26.060833333333335,Low
2025-11-25,14.670833333333334,22.8,72.45833333333333,6.7875000000000005,18.29375,25.06208333333333,Low
2025-11-26,14.475,22.0,74.16666666666667,4.154166666666667,18.183333333333334,24.926666666666666,Low
2025-11-27,14.591666666666667,22.6,76.125,3.6041666666666665,18.397916666666667,25.431250000000002,Low
2025-11-28,14.979166666666666,23.3,75.16666666666667,6.575,18.7375,25.749166666666667,Low
2025-11-29,16.316666666666666,24.4,67.91666666666667,8.958333333333334,19.712500000000002,25.93916666666667,Low
2025-11-30,14.641666666666666,22.7,60.791666666666664,9.191666666666666,17.681250000000002,23.497916666666665,Low
2025-12-01,13.3125,22.1,68.20833333333333,4.404166666666667,16.722916666666666,23.484583333333333,Low
2025-12-02,14.858333333333334,23.6,73.04166666666667,4.695833333333334,18.510416666666668,25.49041666666667,Low
2025-12-03,13.345833333333333,21.3,69.91666666666667,7.770833333333333,16.841666666666665,23.486666666666665,Low
2025-12-04,12.9,21.0,69.70833333333333,8.991666666666667,16.385416666666668,23.102083333333333,Low
2025-12-05,12.6,20.7,71.41666666666667,6.870833333333334,16.170833333333334,23.054166666666667,Low
2025-12-06,14.420833333333334,22.7,65.04166666666667,10.725,17.672916666666666,23.917916666666667,Low
2025-12-07,15.220833333333333,23.2,66.125,10.120833333333334,18.527083333333334,24.68875,Low
2025-12-08,16.0625,23.9,62.875,11.383333333333333,19.20625,24.98125,Low
2025-12-09,15.9375,23.3,62.083333333333336,12.049999999999999,19.041666666666668,24.623333333333335,Low
2025-12-10,15.433333333333332,23.1,68.375,9.15,18.852083333333333,25.07875,Low
2025-12-11,14.645833333333334,23.3,77.0,5.820833333333333,18.495833333333334,25.787499999999998,Low
2025-12-12,14.204166666666666,22.6,79.75,4.254166666666666,18.191666666666666,25.67,Low
2025-12-13,14.325000000000001,22.4,82.66666666666667,3.983333333333333,18.458333333333332,26.061666666666667,Low
2025-12-14,14.533333333333333,22.4,83.25,2.6083333333333334,18.695833333333333,26.262500000000003,Low
2025-12-15,14.341666666666667,22.8,82.41666666666667,6.604166666666667,18.462500000000002,26.159166666666668,Low
2025-12-16,15.154166666666667,22.7,78.08333333333333,10.358333333333333,19.058333333333334,26.053333333333335,Low
2025-12-17,15.020833333333334,22.5,80.125,8.416666666666666,19.027083333333334,26.17875,Low
2025-12-18,13.625,20.3,89.41666666666667,5.345833333333334,18.095833333333335,25.889166666666668,Low
2025-12-19,13.816666666666665,20.7,86.91666666666667,6.441666666666666,18.162499999999998,25.799166666666665,Low
2025-12-20,12.283333333333333,19.2,89.45833333333333,5.295833333333333,16.756249999999998,24.75958333333333,Low
2025-12-21,12.5875,19.2,89.66666666666667,4.945833333333334,17.070833333333333,24.969166666666666,Low
2025-12-22,13.170833333333334,19.5,90.58333333333333,3.920833333333333,17.7,25.528333333333332,Low
2025-12-23,15.108333333333334,22.5,85.875,9.533333333333333,19.402083333333334,26.978749999999998,Low
2025-12-24,14.620833333333332,20.8,76.625,10.862499999999999,18.452083333333334,24.973750000000003,Low
2025-12-25,12.8125,20.2,77.54166666666667,5.508333333333333,16.689583333333335,23.827916666666667,Low
2025-12-26,12.320833333333333,19.4,86.66666666666667,4.266666666666667,16.654166666666665,24.479166666666664,Low
2025-12-27,12.633333333333333,19.5,87.45833333333333,5.575,17.006249999999998,24.79958333333333,Low
2025-12-28,12.0375,19.3,90.08333333333333,4.933333333333334,16.541666666666668,24.723333333333333,Low
2025-12-29,11.833333333333334,18.4,88.75,4.2124999999999995,16.270833333333332,24.1575,Low
2025-12-30,11.933333333333332,19.5,86.66666666666667,4.8500000000000005,16.266666666666666,24.276666666666667,Low
2025-12-31,11.1875,17.3,91.25,7.4750000000000005,15.75,23.765,Low
